Performance,Component,Performance Component,30201
Maintenance,Kit,Maintenance Kit,30301
Engine,Element,Engine Element,30102
System,Component,System Component,30103
Replacement,Part,Replacement Part,30201
Shock,Absorber,Shock Absorber,30202
Cooling,System,Cooling System,30401
Oxygen,Sensor,Oxygen Sensor,30103
Sealing,Element,Sealing Element,30203
Drive,Belt,Drive Belt,30201
Charging,Component,Charging Component,30401
Lighting,Unit,Lighting Unit,30402
Suspension,Component,Suspension Component,30202
Fuel,Component,Fuel Component,30102
Steering,Unit,Steering Unit,30202
Mounting,Element,Mounting Element,30203
Bearing,Assembly,Bearing Assembly,30203
Ignition,Component,Ignition Component,30103
Lifting,System,Lifting System,30202
Exhaust,System,Exhaust System,30201
Positioning,Sensor,Positioning Sensor,30103
Starter,Switch,Starter Switch,30103
Throttle,Valve,Throttle Valve,30102
Brake,System,Brake System,30301
Fuel,System,Fuel System,30102
Steering,Column,Steering Column,30202
Ignition,Module,Ignition Module,30103
Emission,Valve,Emission Control Valve,30102
Cooling,Fan,Cooling Fan,30401
