Digital,Tech,Smartphone,20101
Wireless,Gadget,Tablet,20102
Fitness,Tracker,Smartwatch,20103
Ultrabook,Portable,Laptop,20201
Gaming,Tower,Desktop PC,20202
UltraHD,Display,Monitor,20203
Noise,Cancelling,Headphone,20301
Bluetooth,Sound,Speaker,20302
Smart,LED,Television,20303
DSLR,Lens,Camera,20401
HD,Recording,Camcorder,20402
Charger,Adapter,Accessory,20403
VR,Experience,Smartphone,20101
Slim,Multimedia,Tablet,20102
Health,Monitor,Smartwatch,20103
Convertible,Business,Laptop,20201
Workstation,Gaming,Desktop PC,20202
Curved,Display,Monitor,20203
Over-ear,Sports,Headphone,20301
Portable,Bass,Speaker,20302
Smart,OLED,Television,20303
Mirrorless,Zoom,Camera,20401
4K,HD,Camcorder,20402
Protective,Case,Accessory,20403
Dual,SIM,Smartphone,20101
Compact,Entertainment,Tablet,20102
Luxury,Fashion,Smartwatch,20103
Gaming,Ultrawide,Monitor,20203
In-ear,Wireless,Headphone,20301
Outdoor,Waterproof,Speaker,20302
Ultra,Thin,Laptop,20201
Hi-Fi,System,Speaker,20302
HD,Display,Television,20303
Lens,Capture,Camera,20401
Action,Recorder,Camcorder,20402
Fashion,Accessory,Accessory,20403
