Fusion,Merge,Emporium
Harmony,Amalgam,Bazaar
Variety,Medley,Marketplace
Blend,Junction,Depot
Mingle,Alloy,Haven
Diverse,Confluence,Outlet
Eclectic,Assortment,Junction
Mixify,Melange,Gallery
Assort,Diversity,Emporium
Crossroads,Fusionary,Center
Serenity,Symphony,Corner
Nexus,Amass,Square
Melting Pot,Harmony,Market
Array,Unity,Plaza
Collage,Union,Store
Coalesce,Jumble,Village
Mosaic,Symphony,Corner
Patchwork,Convergence,Depot
Harmony,Blend,Emporium
Fusionary,Melting Pot,Bazaar
Symphony,Amalgamation,Plaza
Jumble,Fusion,Market
Confluence,Melody,Store
Blend,Nexus,Outlet
Patchwork,Convergence,Haven
Diversity,Melange,Emporium
Crossroads,Merge,Bazaar
Coalesce,Symphony,Plaza
Harmony,Mingle,Depot
