Trendy,Threads,Shop
Chic,Attire,Emporium
Elegant,Garb,Boutique
Urban,Ensemble,Market
Vintage,Outfit,Gallery
Stylish,Wardrobe,Corner
Luxe,Apparel,Hub
Modish,Style,Square
Sleek,Fashion,Junction
Couture,Couture,Haven
Snazzy,Garments,Court
Dapper,Trends,Bazaar
Posh,Mode,Avenue
Classy,Boutique,District
Swanky,Tailor,Loft
Glamorous,Haberdashery,World
Fashionable,Dressing,Town
Edgy,Raiment,Place
Sophisticated,Silhouette,Zone
Quirky,Fad,Center
Fresh,Collection,Mall
Sassy,Ensemble,Street
Boho,Vogue,Depot
Whimsical,Array,Den
Radiant,Finery,Parlor
Bold,Togs,Nest
Divine,Duds,Spot
Slick,Regalia,Quarters
Refined,Apparel,Hangout
Elite,Getup,Realm
Exquisite,Costume,Territory
Vibrant,Outfit,Arena
Eclectic,Uniform,Lair
Opulent,Gear,Chamber
Vogue,Kit,Pavilion
Svelte,Wear,Lodge
Suave,Attire,Station
Allure,Garments,Corridor
Haute,Clothes,Passage
Grand,Drape,Locale
