Precision	Turbo	Motors
Velocity	Gear	Parts
ProDrive	Spark	Depot
Apex	Fusion	Warehouse
Matrix	Ignite	Garage
Tech	Alloy	Supplies
Elite	Quantum	Hub
MaxPower	Eclipse	Solutions
Accelerate	Titan	Center
Ultimate	Vortex	Express
Quantum	Zenith	Auto
Revolution	Blaze	Components
Integra	Nova	Junction
Prime	Sonic	Source
Apex	Nitro	Junction
Turbo	Pulse	Auto
Pinnacle	Phoenix	Plaza
Velocity	Circuit	Depot
Fusion	Ignition	Center
ProTech	Infinity	Parts
Spark	Matrix	Solutions
Eclipse	Quantum	Depot
Gear	Nova	Plaza
Vortex	Alloy	Auto
Blaze	Titan	Junction
Quantum	Ignite	Hub
Zenith	Pulse	Garage
Sonic	Blaze	Express
Nitro	Revolution	Source
Phoenix	Pinnacle	Components
Nova	Integra	Warehouse
Ignition	Apex	Solutions
