Electra	Digital	Tech
Quantum	Cyber	Depot
Innovate	Nexus	Express
Volt	Precision	Lab
Byte	Fusion	Zone
Synth	Matrix	Hub
Spark	Nova	Connect
Circuit	Zenith	Source
Pulse	Quantum	Market
Dynamo	Velocity	Network
Omega	Elemental	Plaza
Photon	Catalyst	Mall
Electron	Vertex	Galaxy
Synergy	Sonic	Haven
Nexus	Infusion	Center
Pixel	Quantum	Spot
Innovator	Hyper	Outlet
Techno	Cyberspace	Junction
Electro	Stellar	Bazaar
Quantum	Zenith	Emporium
Synaptic	Blaze	House
Flux	Fusion	Tower
Pulse	Reactor	Plaza
Zephyr	Catalyst	Square
Dynamo	Quantum	Arcade
Byte	Synergy	City
Spark	Nova	Loft
Innovate	Velocity	Haven
Omega	Elemental	Ridge
Photon	Nexus	Forum
Electron	Zenith	Village
Synergy	Sonic	Junction
Nexus	Infusion	Marketplace
Pixel	Quantum	Street
Innovator	Hyper	District
